Nazwa,Data_rozpoczecia,Data_zakonczenia
ligula vehicula consequat morbi a ipsum integer a,9/6/2021,1/24/2021
pellentesque quisque porta volutpat erat quisque,7/1/2022,12/22/2021
quis orci nullam molestie nibh in lectus pellentesque at,3/6/2022,10/6/2022
nunc proin at turpis a,8/29/2022,8/23/2021
non mi integer ac neque duis bibendum morbi,11/14/2020,12/14/2021
fusce posuere felis sed lacus morbi,7/22/2022,8/30/2020
vulputate justo in blandit ultrices enim lorem ipsum dolor sit amet,5/12/2021,10/9/2022
non velit donec diam neque vestibulum eget vulputate ut ultrices vel augue vestibulum ante,1/7/2022,3/4/2021
integer non velit donec diam neque vestibulum,5/13/2021,3/27/2022
mi pede malesuada in imperdiet et commodo,12/24/2022,7/22/2021
